Id,Time[ns],0:UART: RX/TX
1,10000200.00,[00]
2,10012100.00,[00]
3,10034600.00,[00]
4,10045500.00,[80]
5,10058900.00,[02]
6,10069900.00,[00]
7,10081200.00,[15]
8,10092100.00,[88]
9,10102800.00,[00]
10,10113700.00,[02]
11,10124300.00,[12]
12,10136200.00,!
13,10147100.00,!
14,10158000.00,[11]
15,10168900.00,%
16,10179800.00,#
17,10190700.00,1
18,10201700.00,[83]
19,10212300.00,S
20,10223500.00,[1B]
21,10234400.00,[15]
22,10245300.00,[19]
23,10256300.00,[13]
24,10267200.00,5
25,10278100.00,3
26,10289000.00,[83]
27,10299900.00,s
28,10310800.00,-
29,10321800.00,[1B]
30,10332700.00,%
31,10343600.00,[11]
32,10354500.00,[0D]
33,10365400.00,[1B]
34,10376400.00,5
35,10387300.00,[E5]
36,10401500.00,[8D]
37,10412400.00,[AC]
38,10428800.00,M
39,10439700.00,[B5]
40,10450600.00,[E5]
41,10463700.00,5
42,10474600.00,[8B]
43,10485500.00,[83]
44,10496400.00,[87]
45,10507400.00,[1B]
46,10518300.00,c
47,10529200.00,[8D]
48,10540100.00,[8B]
49,10551000.00,[83]
50,10561900.00,[13]
51,10572900.00,[8D]
52,10583800.00,[A3]
53,10594700.00,[93]
54,10605600.00,[A7]
55,10616500.00,[1B]
56,10627500.00,5
57,10638400.00,#
58,10649300.00,5
59,10660200.00,[0D]
60,10671100.00,[19]
61,10682100.00,5
62,10693000.00,[AD]
63,10703900.00,[8B]
64,10714800.00,c
65,10725700.00,[
66,10736600.00,[A5]
67,10747500.00,[
68,10758500.00,a
69,10769400.00,e
70,10780300.00,[A5]
71,10791200.00,[
72,10802100.00,5
73,10813100.00,#
74,10824000.00,[A5]
75,10834900.00,[13]
76,10845800.00,[8D]
77,10856700.00,[A3]
78,10867600.00,[8D]
79,10878600.00,[A5]
80,10889500.00,[9D]
81,10900400.00,[93]
82,10911300.00,[8D]
83,10922200.00,[A5]
84,10933100.00,1
85,10944100.00,[0D]
86,10955000.00,[8D]
87,10965900.00,[8D]
88,10976800.00,7
89,10987700.00,[97]
90,10998700.00,3
91,11009600.00,3
92,11020500.00,[A5]
93,11031400.00,7
94,11042300.00,-
95,11053300.00,[1B]
96,11064200.00,[13]
97,11075100.00,[0D]
98,11086000.00,[E5]
99,11100200.00,[8D]
100,11111100.00,[AC]
101,11127500.00,M
102,11138400.00,[B5]
103,11149300.00,[E5]
104,11162400.00,5
105,11173300.00,[8B]
106,11184300.00,[83]
107,11195200.00,[83]
108,11206100.00,[1B]
109,11217000.00,g
110,11227900.00,[8D]
111,11238800.00,[8B]
112,11249800.00,[87]
113,11260700.00,[1B]
114,11271600.00,[15]
115,11282500.00,-
116,11293500.00,#
117,11304400.00,[13]
118,11315300.00,[83]
119,11326200.00,[8B]
120,11337100.00,[87]
121,11348000.00,[8D]
122,11358900.00,[8D]
123,11369900.00,[8B]
124,11380800.00,[9B]
125,11391700.00,[93]
126,11402600.00,[8B]
127,11413500.00,[93]
128,11424400.00,[93]
129,11435400.00,[A3]
130,11446300.00,[83]
131,11457200.00,a
132,11468100.00,9
133,11479000.00,[17]
134,11490000.00,[87]
135,11500900.00,[9B]
136,11511800.00,[99]
137,11522700.00,[83]
138,11533600.00,[9B]
139,11544500.00,[83]
140,11555500.00,[8D]
141,11566400.00,[8D]
142,11577300.00,[E5]
143,11591500.00,[8D]
144,11602400.00,[AC]
145,11618800.00,M
146,11629700.00,[B5]
147,11640600.00,[E5]
148,11653700.00,5
149,11664600.00,[8B]
150,11675600.00,[83]
151,11686500.00,[83]
152,11697400.00,Q
153,11708300.00,[0D]
154,11719200.00,-
155,11730200.00,[13]
156,11741100.00,-
157,11752000.00,#
158,11762900.00,1
159,11773800.00,[87]
160,11784700.00,9
161,11795700.00,!
162,11806600.00,#
163,11817500.00,#
164,11828400.00,5
165,11839300.00,9
166,11850200.00,[17]
167,11861200.00,[83]
168,11872100.00,[A3]
169,11883000.00,[A3]
170,11893900.00,[A3]
171,11904800.00,[E5]
172,11919100.00,[0D]
173,62264000.00,[AC]
174,62280300.00,M
175,62291200.00,[B5]
176,62302100.00,[E5]
177,62315300.00,5
178,62326200.00,[8B]
179,62337100.00,[83]
180,62348000.00,[83]
181,62358700.00,;
182,62369800.00,!
183,62380800.00,!
184,62391700.00,[17]
185,62402600.00,[87]
186,62413500.00,[19]
187,62424400.00,[1B]
188,62435400.00,9
189,62446300.00,[8B]
190,62457200.00,[83]
191,62468100.00,[83]
192,62479000.00,[E5]
193,62493300.00,[0D]
194,305667400.00,[AC]
195,305683800.00,M
196,305694700.00,[B5]
197,305705600.00,[E5]
198,305718700.00,u
199,305729600.00,[8B]
200,305740500.00,[83]
201,305751400.00,[87]
202,305762400.00,5
203,305773300.00,e
204,305784200.00,e
205,305795100.00,[19]
206,305806000.00,[87]
207,305816900.00,[8B]
208,305827900.00,[83]
209,305838400.00,[87]
210,305849700.00,[03]
211,305860600.00,7
212,305871600.00,[93]
213,305882500.00,[E5]
214,305896700.00,[0D]
215,477906600.00,[AC]
216,477922900.00,M
217,477933900.00,[B5]
218,477944800.00,[E5]
219,477957900.00,5
220,477968800.00,[8B]
221,477979700.00,[83]
222,477990600.00,[83]
223,478001500.00,[1B]
224,478012400.00,c
225,478023400.00,[8D]
226,478034300.00,[8B]
227,478045200.00,[87]
228,478056100.00,[1B]
229,478067000.00,!
230,478078000.00,!
231,478088900.00,[17]
232,478099800.00,-
233,478110700.00,#
234,478121600.00,1
235,478132500.00,[87]
236,478143500.00,[1B]
237,478154400.00,c
238,478165300.00,[9B]
239,478176200.00,[E5]
240,478190400.00,[1D]
241,514111800.00,C
242,514122700.00,E
243,514135600.00,[D1]
244,514146200.00,[92]
245,514157100.00,[98]
246,514175100.00,[0D]
247,514186000.00,[19]
248,514196900.00,[19]
249,514207800.00,[E5]
250,514222000.00,[8D]
251,514233000.00,[AC]
252,514249300.00,M
253,514260200.00,[B5]
254,514271100.00,[E5]
255,514284200.00,5
256,514295200.00,[8B]
257,514306100.00,[83]
258,514317000.00,[83]
259,514327900.00,[1B]
260,514338800.00,#
261,514349800.00,[8D]
262,514360600.00,A
263,514371600.00,%
264,514382500.00,[0D]
265,514393400.00,-
266,514404300.00,#
267,514415300.00,[87]
268,514426200.00,5
269,514437100.00,[03]
270,514448000.00,-
271,514458900.00,[17]
272,514469800.00,[E5]
273,514484100.00,[0D]
274,514497000.00,V
275,514510000.00,[80]
276,514522100.00,[96]
277,514533400.00,[98]
278,514548300.00,[12]
279,514560000.00,2
280,514571500.00,2
281,514583000.00,r
282,514597800.00,[16]
283,514609300.00,B
284,514620900.00,B
285,514632400.00,&
286,514643900.00,[06]
287,514655400.00,f
288,514666900.00,F
289,514678400.00,B
290,514690000.00,"
291,514701500.00,[E5]
292,514716200.00,[0D]
293,514726900.00,N
294,514740300.00,[92]
295,514752100.00,[93]
296,514766900.00,[92]
297,514778400.00,[12]
298,514791100.00,i
299,514804700.00,*
300,514816200.00,2
301,514827800.00,j
302,514839300.00,.
303,514850800.00,[82]
304,514862300.00,2
305,514873900.00,[06]
306,514885400.00,[1A]
307,514896900.00,&
308,514908400.00,*
309,514919900.00,[06]
310,514931400.00,F
311,514943000.00,[06]
312,514954600.00,Z
313,514966400.00,[16]
314,514977900.00,[06]
315,514989400.00,"
316,515000900.00,:
317,515012500.00,b
318,515023900.00,j
319,515035500.00,*
320,515047000.00,[06]
321,515058500.00,[06]
322,515070000.00,:
323,515081600.00,f
324,515093100.00,f
325,515104600.00,[16]
326,515116100.00,j
327,515127600.00,2
328,515139200.00,[12]
329,515150700.00,[06]
330,515162200.00,[0A]
331,515173700.00,[06]
332,515185200.00,[06]
333,515196800.00,[06]
334,515208300.00,[06]
335,515219700.00,N
336,515231500.00,[06]
337,515243000.00,F
338,515254500.00,"
339,515266000.00,[0E]
340,515277500.00,"
341,515289100.00,[1A]
342,515300600.00,R
343,515312100.00,j
344,515323700.00,[0A]
345,515335200.00,[0E]
346,515346700.00,[06]
347,515358200.00,2
348,515369700.00,.
349,515381200.00,[1A]
350,515392800.00,[06]
351,515404300.00,*
352,515415800.00,2
353,515427300.00,[06]
354,515438500.00,[0A]
355,515450300.00,[06]
356,515461800.00,[06]
357,515473400.00,[0E]
358,515484900.00,[06]
359,515496300.00,F
360,515508000.00,[0E]
361,515519600.00,"
362,515531200.00,[1A]
363,515542700.00,R
364,515554200.00,j
365,515565800.00,[10]
366,515577200.00,[0E]
367,515588700.00,[06]
368,515600300.00,[12]
369,515611800.00,6
370,515623300.00,2
371,515634900.00,[0A]
372,515646400.00,[06]
373,515657900.00,[06]
374,515669400.00,4
375,515682000.00,[0E]
376,515693500.00,[06]
377,515705000.00,[E0]
378,515720100.00,[8D]
379,515732100.00,[90]
380,515745500.00,h
381,515757700.00,$
382,515770200.00,r
383,515781900.00,2
384,515796600.00,f
385,515808200.00,B
386,515819700.00,[16]
387,515831200.00,[06]
388,515842600.00,2
389,515854200.00,[1A]
390,515865800.00,[12]
391,515877300.00,[82]
392,515888800.00,[06]
393,515900300.00,F
394,515911900.00,N
395,515923400.00,[06]
396,515934800.00,[1A]
397,515946400.00,6
398,515957900.00,[06]
399,515969400.00,[06]
400,515980900.00,[0E]
401,515992500.00,"
402,516004000.00,Z
403,516015500.00,.
404,516027000.00,F
405,516038500.00,[06]
406,516050000.00,:
407,516061600.00,[06]
408,516073100.00,[06]
409,516084600.00,[CA]
410,516096200.00,[06]
411,516107700.00,b
412,516119200.00,&
413,516130700.00,F
414,516142200.00,[E5]
415,516156900.00,[1D]
416,516167600.00,V
417,516180300.00,.
418,516192600.00,[96]
419,516208700.00,[89]
420,516220300.00,[01]
421,516231700.00,i
422,516243200.00,[19]
423,516254800.00,i
424,516266300.00,[99]
425,516277800.00,[95]
426,516290000.00,[D6]
427,516415500.00,N
428,516429400.00,V
429,516441600.00,[CB]
430,516456500.00,9
431,516470100.00,[CA]
432,516481700.00,f
433,516493200.00,[16]
434,516504700.00,8
435,516517000.00,[D9]
436,516531000.00,Y
437,516542000.00,&
438,516553800.00,[99]
439,516564900.00,[87]
440,516575900.00,B
441,516587700.00,[A2]
442,516599200.00,[1A]
443,516610700.00,f
444,516622300.00,j
445,516633800.00,[B6]
446,516645300.00,[16]
447,516656800.00,[06]
448,516668400.00,[A2]
449,516679900.00,[00]
450,516691000.00,g
451,516704500.00,[98]
452,516719700.00,s
453,516734200.00,[86]
454,516745900.00,[16]
455,516757500.00,[06]
456,516769000.00,[86]
457,516780500.00,`
458,516796600.00,*
459,516808300.00,B
460,516820100.00,[06]
461,516831300.00,[9A]
462,516843100.00,[16]
463,516854600.00,[06]
464,516865700.00,[9A]
465,516877600.00,[80]
466,516888300.00,3
467,516898700.00,e
468,516910000.00,9
469,516922400.00,[0D]
470,516932800.00,F
471,516944300.00,M
472,516955800.00,N
473,516967400.00,H
474,516980000.00,$
475,516991800.00,[A6]
476,517005800.00,d
477,517017700.00,[A4]
478,517028200.00,H
479,517043000.00,Y
480,517053400.00,R
481,517063900.00,[84]
482,517076500.00,r
483,517091200.00,[82]
484,517102800.00,&
485,517114300.00,B
486,517125800.00,[82]
487,517137400.00,[12]
488,517148900.00,[0E]
489,517160400.00,F
490,517171900.00,[16]
491,517183400.00,[0E]
492,517194700.00,2
493,517206500.00,j
494,517218000.00,r
495,517229500.00,*
496,517241100.00,[16]
497,517252600.00,r
498,517264000.00,[06]
499,517275500.00,2
500,517287100.00,F
501,517298600.00,Z
502,517310200.00,[06]
503,517321700.00,[06]
504,517333200.00,f
505,517344700.00,F
506,517356300.00,B
507,517367800.00,"
508,517379300.00,[E5]
509,517394000.00,[1D]
510,519407400.00,[94]
511,519421000.00,f
512,519436900.00,[B2]
513,519448500.00,[86]
514,519460000.00,[C6]
515,519471500.00,[06]
516,519483000.00,[16]
517,519494500.00,[06]
518,519506000.00,2
519,519517600.00,j
520,519529100.00,r
521,519540600.00,B
522,519552100.00,F
523,519563700.00,f
524,519575200.00,[1A]
525,519586700.00,6
526,519598200.00,[1A]
527,519609700.00,[06]
528,519621200.00,2
529,519632800.00,B
530,519644300.00,6
531,519655800.00,j
532,519667300.00,[06]
533,519678900.00,"
534,519690400.00,[1A]
535,519701900.00,R
536,519713500.00,j
537,519725000.00,[06]
538,519736400.00,*
539,519748000.00,[06]
540,519759500.00,[06]
541,519771000.00,[1A]
542,519782600.00,F
543,519794100.00,f
544,519805600.00,[06]
545,519817100.00,V
546,519828600.00,*
547,519840100.00,J
548,519851700.00,[0E]
549,519863200.00,[06]
550,519874700.00,&
551,519886200.00,B
552,519897800.00,[06]
553,519909200.00,2
554,519920800.00,[06]
555,519932300.00,F
556,519943800.00,[06]
557,519955300.00,f
558,519966900.00,B
559,519978400.00,F
560,519989900.00,j
561,520001500.00,[06]
562,520012900.00,N
563,520024400.00,2
564,520036000.00,[06]
565,520047500.00,*
566,520059000.00,[82]
567,520070600.00,2
568,520082100.00,B
569,520093600.00,[16]
570,520105100.00,j
571,520116600.00,[82]
572,520128100.00,r
573,520139700.00,f
574,520151200.00,b
575,520162700.00,[0A]
576,520174200.00,[06]
577,520185800.00,Z
578,520197600.00,[E5]
579,520212300.00,[0D]
580,520223100.00,V
581,520235700.00,.
582,520248300.00,[96]
583,520264200.00,[81]
584,520275600.00,[09]
585,520287200.00,[89]
586,520298200.00,i
587,520310200.00,[19]
588,520321700.00,[09]
589,520333300.00,[19]
590,520344800.00,[89]
591,520356300.00,[09]
592,520367800.00,i
593,520381500.00,[E5]
594,520396200.00,[8D]
595,520408500.00,[CE]
596,520420700.00,[A3]
597,520432900.00,U
598,520445100.00,[DB]
599,520455500.00,[14]
600,520467400.00,[0A]
601,520478500.00,[BA]
602,520492900.00,[87]
603,520504000.00,Y
604,520515200.00,G
605,520526300.00,g
606,520537400.00,[87]
607,520548500.00,[9B]
608,520559600.00,[87]
609,520570800.00,[8D]
610,520581900.00,[87]
611,520593100.00,[A3]
612,520604200.00,[87]
613,520615300.00,[8D]
614,520626400.00,[A5]
615,520637600.00,1
616,520648700.00,[97]
617,520659800.00,9
618,520671000.00,[1D]
619,520682100.00,[87]
620,520693200.00,[95]
621,520704300.00,[9D]
622,520715500.00,[95]
623,520726600.00,[99]
624,520737700.00,[97]
625,520748800.00,9
626,520760000.00,[A5]
627,520771100.00,7
628,520782300.00,-
629,520793400.00,[1B]
630,520804500.00,[17]
631,520815600.00,[0D]
632,520826800.00,[87]
633,520837900.00,[A7]
634,520849000.00,e
635,520860200.00,[0D]
636,520871300.00,[0D]
637,520882400.00,[87]
638,520893500.00,[8D]
639,520904700.00,[9D]
640,520915800.00,[87]
641,520926900.00,[9B]
642,520938000.00,[87]
643,520949200.00,[9B]
644,520960300.00,[9B]
645,520971500.00,[87]
646,520982600.00,[A5]
647,520993700.00,[87]
648,521004800.00,[9B]
649,521015900.00,[87]
650,521027100.00,[8B]
651,521038300.00,[87]
652,521049400.00,[8D]
653,521060500.00,[8B]
654,521071600.00,[95]
655,521082700.00,[87]
656,521093900.00,[87]
657,521105000.00,[A9]
658,521116100.00,[87]
659,521127300.00,[87]
660,521138400.00,[87]
661,521149500.00,[87]
662,521160700.00,[AD]
663,521171800.00,[E5]
664,521186400.00,[8D]
665,521200900.00,u
666,521214200.00,5
667,521227500.00,9
668,521238600.00,9
669,521249700.00,[87]
670,521260800.00,m
671,521271900.00,#
672,521283100.00,-
673,521294300.00,[17]
674,521305400.00,[87]
675,521316500.00,[A5]
676,521327600.00,[87]
677,521338700.00,m
678,521349900.00,w
679,521361000.00,[8B]
680,521372100.00,[87]
681,521383300.00,[A7]
682,521394400.00,[06]
683,521405800.00,[87]
684,521417000.00,[87]
685,521428200.00,[87]
686,521439400.00,[87]
687,521450600.00,[87]
688,521461800.00,[93]
689,521473100.00,[9D]
690,521484200.00,[AD]
691,521495400.00,[E5]
692,521510100.00,[8D]
693,521524500.00,u
694,521537800.00,[9D]
695,521548900.00,[1D]
696,521562200.00,5
697,521573400.00,%
698,521584500.00,%
699,521595600.00,9
700,521606800.00,[87]
701,521617900.00,;
702,521629000.00,!
703,521640200.00,!
704,521651300.00,[17]
705,521662400.00,[87]
706,521673500.00,%
707,521684700.00,!
708,521695800.00,7
709,521707000.00,5
710,521718100.00,[87]
711,521729200.00,[A7]
712,521740300.00,3
713,521751400.00,[1B]
714,521762600.00,!
715,521773700.00,%
716,521784900.00,[87]
717,521796000.00,[19]
718,521807100.00,[17]
719,521818200.00,[1B]
720,521829400.00,[1D]
721,521840500.00,[07]
722,521851600.00,[AD]
723,521862700.00,[E5]
724,521877400.00,[8D]
725,521889600.00,S
726,521900800.00,R
727,521911900.00,R
728,521926200.00,Z
729,521940700.00,[87]
730,521951800.00,[11]
731,521963000.00,-
732,521974100.00,7
733,521985200.00,[17]
734,521996300.00,'
735,522007400.00,[87]
736,522018500.00,[85]
737,522029700.00,[87]
738,522040800.00,[97]
739,522052000.00,[A7]
740,522063200.00,[87]
741,522074400.00,%
742,522085500.00,9
743,522096600.00,'
744,522107700.00,)
745,522118800.00,[87]
746,522129900.00,[85]
747,522141100.00,[87]
748,522152200.00,[97]
749,522163300.00,[87]
750,522174400.00,[87]
751,522185600.00,[87]
752,522196700.00,[87]
753,522207800.00,[87]
754,522218900.00,[87]
755,522230100.00,[87]
756,522241200.00,[A3]
757,522252200.00,[87]
758,522263300.00,[19]
759,522274500.00,9
760,522285600.00,'
761,522296700.00,)
762,522307800.00,[87]
763,522318900.00,[85]
764,522330100.00,[87]
765,522341200.00,[9B]
766,522352200.00,[97]
767,522363400.00,[87]
768,522374600.00,[87]
769,522385700.00,[87]
770,522396800.00,[87]
771,522407900.00,[87]
772,522419000.00,[87]
773,522430200.00,[E5]
774,522444700.00,[0D]
775,541294400.00,[D3]
776,541305300.00,[93]
777,541315700.00,[A3]
778,541332200.00,]
779,541345500.00,[0D]
780,541356700.00,[07]
781,541367800.00,5
782,541378900.00,[87]
783,541390000.00,[85]
784,541401100.00,[87]
785,541412300.00,[9D]
786,541423400.00,[87]
787,541434700.00,[A7]
788,541445800.00,g
789,541456900.00,G
790,541468000.00,w
791,541479100.00,7
792,541490200.00,[
793,541501400.00,[97]
794,541512500.00,[AD]
795,541523700.00,[E5]
796,541538400.00,[8D]
797,541550100.00,[92]
798,541560700.00,[A3]
799,541577200.00,[E5]
800,541590500.00,'
801,541601700.00,-
802,541612800.00,[07]
803,541623900.00,A
804,541635000.00,[07]
805,541646100.00,[0D]
806,541657300.00,9
807,541668500.00,)
808,541679600.00,[1D]
809,541690700.00,1
810,541701800.00,5
811,541712900.00,A
812,541724100.00,[17]
813,541735200.00,[0D]
814,541746300.00,[07]
815,541757500.00,5
816,541768600.00,[8B]
817,541779700.00,[99]
818,541790800.00,[E5]
819,541805400.00,[0D]
820,542237100.00,[D3]
821,542247800.00,[93]
822,542258300.00,[A3]
823,542274800.00,[9D]
824,542288100.00,7
825,542299200.00,[1B]
826,542310400.00,[A3]
827,542321500.00,5
828,542332700.00,9
829,542343800.00,9
830,542354900.00,A
831,542366000.00,1
832,542377200.00,[1B]
833,542388300.00,[1D]
834,542399400.00,#
835,542410500.00,[8B]
836,542421700.00,[87]
837,542432800.00,[87]
838,542443900.00,[07]
839,542455100.00,[87]
840,542466200.00,[E5]
841,542481000.00,[8D]
842,542492700.00,[A6]
843,542503700.00,[A6]
844,542514500.00,[A3]
845,542531100.00,[9D]
846,542544400.00,7
847,542555600.00,[1B]
848,542566700.00,[A3]
849,542577800.00,5
850,542588900.00,9
851,542600000.00,9
852,542611200.00,A
853,542622300.00,%
854,542633500.00,[0D]
855,542644600.00,[03]
856,542655700.00,[8B]
857,542666800.00,[87]
858,542677800.00,[87]
859,542689100.00,[07]
860,542700200.00,[87]
861,542711400.00,[E5]
862,542726200.00,[9D]
863,542737600.00,[A6]
864,542749400.00,[D3]
865,542762700.00,[14]
866,542776000.00,[9D]
867,542789300.00,7
868,542800400.00,[1B]
869,542811600.00,[A3]
870,542822700.00,[19]
871,542833900.00,;
872,542845000.00,[1B]
873,542856100.00,A
874,542867200.00,[07]
875,542878400.00,[1D]
876,542889500.00,[17]
877,542900600.00,[17]
878,542911700.00,5
879,542922900.00,[1B]
880,542934000.00,#
881,542945100.00,[87]
882,542956300.00,[8B]
883,542967400.00,[87]
884,542978500.00,[87]
885,542989600.00,[07]
886,543000800.00,[00]
887,543017500.00,f
888,543028700.00,f
889,543040900.00,[A6]
890,543052000.00,[A6]
891,543063100.00,[A6]
892,543074500.00,[B0]
893,543085400.00,[B3]
894,543097600.00,S
895,543108800.00,[C6]
896,543121000.00,[E3]
897,543134300.00,[BA]
898,543145400.00,[DA]
899,543159800.00,A
900,543170900.00,'
901,543182000.00,7
902,543193100.00,[1B]
903,543204300.00,[A3]
904,543215400.00,[19]
905,543226600.00,;
906,543237700.00,[1B]
907,543248800.00,A
908,543259900.00,[07]
909,543271100.00,[1D]
910,543282200.00,[17]
911,543293300.00,[17]
912,543304400.00,5
913,543315600.00,[1B]
914,543326700.00,#
915,543337800.00,[8D]
916,543349000.00,[8B]
917,543360100.00,[83]
918,543371200.00,[87]
919,543382300.00,[07]
920,543393400.00,[00]
921,543405500.00,M
922,543416600.00,e
923,543428800.00,[B2]
924,543439900.00,[B3]
925,543453500.00,[E8]
926,543469700.00,[8D]
927,543480800.00,[8D]
928,543492000.00,[E5]
929,543506500.00,[0D]
930,543559900.00,[D3]
931,543570500.00,[92]
932,543581100.00,[A3]
933,543597700.00,[CD]
934,543611000.00,[1B]
935,543622100.00,5
936,543633200.00,[1D]
937,543644400.00,[87]
938,543655500.00,[85]
939,543666700.00,[87]
940,543677800.00,[87]
941,543688900.00,[95]
942,543700200.00,[E5]
943,543714900.00,[8D]
944,543726200.00,[A3]
945,543741700.00,[EA]
946,543756000.00,[1B]
947,543767200.00,7
948,543778300.00,[87]
949,543789400.00,-
950,543800500.00,7
951,543811700.00,[87]
952,543822800.00,[85]
953,543833900.00,[87]
954,543845100.00,[C8]
955,543858900.00,[8D]
956,543870000.00,[95]
957,543881100.00,[97]
958,543892300.00,[87]
959,543903400.00,[99]
960,543914600.00,[99]
961,543925700.00,[97]
962,543936800.00,[E5]
963,543951600.00,[8D]
964,543963700.00,[D3]
965,543974400.00,[93]
966,543984900.00,[A3]
967,543996800.00,[98]
968,544007700.00,[93]
969,544021400.00,t
970,544032600.00,[D4]
971,544043200.00,h
972,544054800.00,[D4]
973,544065300.00,h
974,544077200.00,T
975,544089400.00,Z
976,544103800.00,[87]
977,544114900.00,[99]
978,544126100.00,[9B]
979,544137300.00,[87]
980,544148400.00,[87]
981,544159500.00,[E5]
982,544174300.00,[8D]
983,544189200.00,[92]
984,544200500.00,[93]
985,544212100.00,[1B]
986,544226300.00,Y
987,544237600.00,[1D]
988,544248700.00,e
989,544259800.00,Y
990,544270900.00,U
991,544282100.00,c
992,544293200.00,q
993,544304400.00,[87]
994,544315500.00,7
995,544326600.00,w
996,544337700.00,[
997,544348800.00,[83]
998,544360000.00,[B9]
999,544371100.00,[B9]
1000,544382300.00,[B9]
1001,544393400.00,[E5]
1002,544408000.00,[8D]
1003,544419200.00,[A4]
1004,544434600.00,:
1005,544448800.00,6
1006,544460200.00,7
1007,544471300.00,[1B]
1008,544482400.00,[87]
1009,544493500.00,[07]
1010,544504700.00,-
1011,544515800.00,#
1012,544526900.00,[87]
1013,544538100.00,[19]
1014,544549200.00,5
1015,544560400.00,[17]
1016,544571500.00,[E5]
1017,544586100.00,[8D]
1018,544597800.00,[93]
1019,544609400.00,[D3]
1020,544620000.00,[91]
1021,544631700.00,S
1022,544645900.00,[BA]
1023,544660400.00,[87]
1024,544671600.00,[07]
1025,544682700.00,[1D]
1026,544693800.00,[1B]
1027,544704900.00,[17]
1028,544716000.00,[87]
1029,544727200.00,#
1030,544738400.00,[15]
1031,544749500.00,%
1032,544760600.00,;
1033,544771700.00,5
1034,544782900.00,[1B]
1035,544794000.00,[8B]
1036,544805100.00,[87]
1037,544816200.00,[9D]
1038,544827400.00,[87]
1039,544838500.00,[87]
1040,544849600.00,[E5]
1041,544860100.00,[D6]
1042,544876300.00,[93]
1043,544887900.00,[D3]
1044,544898900.00,Q
1045,544910100.00,S
1046,544924100.00,2
1047,544934600.00,t
1048,544950000.00,7
1049,544961200.00,7
1050,544972300.00,[1B]
1051,544983400.00,[87]
1052,544994500.00,3
1053,545005700.00,[1B]
1054,545016800.00,5
1055,545028000.00,[1D]
1056,545039100.00,[8B]
1057,545050200.00,[87]
1058,545061300.00,9
1059,545072500.00,[87]
1060,545083600.00,[87]
1061,545094700.00,[E5]
1062,545109300.00,[8D]
1063,545120400.00,[A7]
1064,545135900.00,[EA]
1065,545150300.00,[1B]
1066,545161400.00,7
1067,545172600.00,[83]
1068,545183700.00,-
1069,545194800.00,7
1070,545205900.00,[87]
1071,545217000.00,[1D]
1072,545228200.00,'
1073,545239400.00,[17]
1074,545250500.00,5
1075,545261600.00,[1B]
1076,545272700.00,#
1077,545283800.00,[0D]
1078,545295000.00,[17]
1079,545306100.00,-
1080,545317200.00,[13]
1081,545328300.00,5
1082,545339500.00,[8B]
1083,545350600.00,[87]
1084,545361700.00,[03]
1085,545372900.00,[99]
1086,545383900.00,[E5]
1087,545398500.00,[8D]
1088,545411700.00,i
1089,545425100.00,[BA]
1090,545436200.00,[AA]
1091,545447300.00,:
1092,545461700.00,[87]
1093,545472800.00,-
1094,545483900.00,[19]
1095,545495100.00,[87]
1096,545505900.00,[1A]
1097,545517400.00,[9B]
1098,545528500.00,[E5]
1099,545539100.00,[D6]
1100,545553300.00,K
1101,545565500.00,[A4]
1102,545577700.00,S
1103,545588800.00,[D3]
1104,545599500.00,[90]
1105,545610300.00,[B0]
1106,545623300.00,)
1107,545635500.00,t
1108,545651000.00,[8D]
1109,545662100.00,[95]
1110,545673300.00,[E5]
1111,545687900.00,[8D]
1112,545701300.00,i
1113,545714600.00,[9A]
1114,545725700.00,[AA]
1115,545736800.00,z
1116,545751200.00,[87]
1117,545762400.00,-
1118,545773500.00,[19]
1119,545784600.00,[83]
1120,545795400.00,[1A]
1121,545806900.00,[8D]
1122,545818100.00,[E5]
1123,545832800.00,[9D]
1124,545843800.00,[A4]
1125,545855000.00,[A7]
1126,545871600.00,[DD]
1127,545884900.00,7
1128,545896000.00,[1B]
1129,545907100.00,A
1130,545918200.00,-
1131,545929400.00,#
1132,545940500.00,7
1133,545951700.00,5
1134,545962800.00,[03]
1135,545973900.00,[8B]
1136,545985000.00,[87]
1137,545996100.00,[8D]
1138,546007300.00,[8D]
1139,546018400.00,[E5]
1140,546033200.00,[8D]
1141,546045500.00,[D3]
1142,546056400.00,[93]
1143,546070000.00,[14]
1144,546083300.00,]
1145,546096600.00,[0D]
1146,546107700.00,[07]
1147,546118800.00,5
1148,546129900.00,[83]
1149,546141000.00,[85]
1150,546152200.00,[87]
1151,546163200.00,[9D]
1152,546174500.00,[A7]
1153,546185700.00,[83]
1154,546196800.00,3
1155,546208000.00,7
1156,546219100.00,[1B]
1157,546230200.00,A
1158,546241300.00,[13]
1159,546252500.00,5
1160,546263600.00,#
1161,546274800.00,7
1162,546285900.00,!
1163,546297000.00,[1B]
1164,546308100.00,[85]
1165,546319200.00,[99]
1166,546330400.00,[A7]
1167,546341600.00,[87]
1168,546352800.00,7
1169,546363900.00,7
1170,546375100.00,[1B]
1171,546386200.00,A
1172,546397300.00,3
1173,546408400.00,[1B]
1174,546419600.00,5
1175,546430700.00,[1D]
1176,546441900.00,[85]
1177,546453000.00,[99]
1178,546464200.00,[9B]
1179,546475300.00,[87]
1180,546486400.00,[83]
1181,546497500.00,[E5]
1182,546512100.00,[8D]
1183,546523800.00,[93]
1184,546534300.00,[A3]
1185,546548700.00,T
1186,546560900.00,[0A]
1187,546573100.00,[1D]
1188,546586400.00,'
1189,546597600.00,#
1190,546608700.00,A
1191,546619800.00,-
1192,546630900.00,#
1193,546642000.00,-
1194,546653200.00,[13]
1195,546664400.00,[E5]
1196,546679000.00,[8D]
1197,546693400.00,[94]
1198,546704500.00,[94]
1199,546716700.00,[8A]
1200,546727800.00,z
1201,546742200.00,7
1202,546753300.00,-
1203,546764400.00,[19]
1204,546775600.00,[1D]
1205,546786700.00,;
1206,546797900.00,'
1207,546809000.00,5
1208,546820100.00,3
1209,546831200.00,[83]
1210,546842000.00,[CA]
1211,546857000.00,[0D]
1212,547890900.00,N
1213,547902000.00,H
1214,547914200.00,[A4]
1215,547926200.00,[D1]
1216,547939700.00,[14]
1217,547951900.00,:
1218,547963000.00,:
1219,547977300.00,'
1220,547988500.00,!
1221,547999700.00,[1D]
1222,548010800.00,7
1223,548022000.00,[87]
1224,548033000.00,7
1225,548044200.00,7
1226,548055300.00,[1B]
1227,548066400.00,9
1228,548077600.00,[87]
1229,548088700.00,[19]
1230,548099900.00,[1B]
1231,548111000.00,9
1232,548122100.00,A
1233,548133200.00,[1D]
1234,548144300.00,3
1235,548155500.00,3
1236,548166600.00,[1B]
1237,548177800.00,[8B]
1238,548188900.00,[87]
1239,548200000.00,[C0]
1240,548212800.00,4
1241,548225200.00,[AA]
1242,548236300.00,:
1243,548250700.00,[87]
1244,548261800.00,[A7]
1245,548273000.00,[83]
1246,548284200.00,#
1247,548295300.00,!
1248,548306400.00,[0D]
1249,548317500.00,7
1250,548328600.00,A
1251,548339800.00,[1D]
1252,548351000.00,7
1253,548362100.00,3
1254,548373200.00,[1B]
1255,548384300.00,[8B]
1256,548395400.00,[87]
1257,548406600.00,[80]
1258,548419000.00,[D8]
1259,548429600.00,[98]
1260,548440100.00,[B3]
1261,548455500.00,[EA]
1262,548470000.00,[0D]
1263,548481100.00,[9B]
1264,548492200.00,[87]
1265,548503400.00,[A7]
1266,548514600.00,[87]
1267,548525700.00,[19]
1268,548536900.00,[1B]
1269,548548000.00,9
1270,548559100.00,A
1271,548570300.00,'
1272,548581400.00,5
1273,548592500.00,#
1274,548603600.00,[8B]
1275,548614700.00,[87]
1276,548625900.00,[8D]
1277,548637000.00,[9B]
1278,548648100.00,[87]
1279,548659200.00,[E5]
1280,548673800.00,[1D]
1281,549256100.00,R
1282,549269000.00,[97]
1283,549280100.00,[97]
1284,549290600.00,[AB]
1285,549302200.00,[98]
1286,549315100.00,k
1287,549329500.00,[CD]
1288,549340400.00,[85]
1289,549351700.00,[15]
1290,549362800.00,[1D]
1291,549376100.00,[ED]
1292,549389600.00,a
1293,549400800.00,a
1294,549413500.00,[92]
1295,549424700.00,[93]
1296,549435200.00,[A3]
1297,549451800.00,m
1298,549465100.00,5
1299,549476200.00,'
1300,549487400.00,5
1301,549498500.00,[1D]
1302,549509600.00,[19]
1303,549520700.00,5
1304,549531800.00,A
1305,549543000.00,-
1306,549554100.00,#
1307,549565300.00,3
1308,549576400.00,!
1309,549587500.00,[85]
1310,549598600.00,[85]
1311,549609700.00,[E5]
1312,549624400.00,[8D]
1313,549637600.00,[EA]
1314,549651400.00,[9A]
1315,549662300.00,[DA]
1316,549674300.00,[1D]
1317,549687600.00,m
1318,549698700.00,c
1319,549709800.00,s
1320,549720900.00,a
1321,549732000.00,E
1322,549743300.00,[87]
1323,549754400.00,[ED]
1324,549769000.00,[AA]
1325,549781200.00,[D3]
1326,549794500.00,[95]
1327,549805700.00,[D5]
1328,549819000.00,[85]
1329,549830100.00,[8D]
1330,549841300.00,-
1331,549854500.00,[ED]
1332,549869800.00,[93]
1333,549881300.00,[D3]
1334,549894600.00,T
1335,549906800.00,:
1336,549918000.00,[0A]
1337,549929100.00,:
1338,549943500.00,[E5]
1339,549958000.00,[8D]
1340,549971300.00,[EA]
1341,549984900.00,[9A]
1342,549996100.00,[DA]
1343,550008000.00,[1D]
1344,550021300.00,m
1345,550032600.00,c
1346,550043700.00,s
1347,550054800.00,a
1348,550065900.00,E
1349,550077000.00,[87]
1350,550088100.00,m
1351,550102700.00,[A3]
1352,550115000.00,U
1353,550127100.00,[EB]
1354,550141500.00,[DD]
1355,550152400.00,i
1356,550166000.00,[ED]
1357,550179600.00,;
1358,550191900.00,[B3]
1359,550203700.00,[98]
1360,550214200.00,[B3]
1361,550225300.00,[B3]
1362,550237500.00,[DA]
1363,550248100.00,[98]
1364,550259800.00,Y
1365,550270900.00,Z
1366,550283500.00,[AC]
1367,550294700.00,[AC]
1368,550307500.00,[DB]
1369,550321900.00,[87]
1370,550333000.00,[8B]
1371,550344200.00,[87]
1372,550355300.00,[8D]
1373,550366500.00,[E5]
1374,550381200.00,[8D]
1375,550394500.00,[EA]
1376,550408300.00,[BA]
1377,550419300.00,[DA]
1378,550431200.00,[1D]
1379,550444500.00,m
1380,550455800.00,c
1381,550466900.00,s
1382,550478000.00,a
1383,550489100.00,E
1384,550500200.00,[87]
1385,550511300.00,[ED]
1386,550524900.00,\
1387,550536000.00,[
1388,550549000.00,[95]
1389,550560000.00,[98]
1390,550574600.00,[0A]
1391,550587000.00,[95]
1392,550598200.00,[95]
1393,550609300.00,[B5]
1394,550620400.00,]
1395,550631500.00,-
1396,550644800.00,[ED]
1397,550660000.00,[99]
1398,550674700.00,[EA]
1399,550689300.00,[87]
1400,550700400.00,[95]
1401,550711500.00,[9D]
1402,550722700.00,[95]
1403,550733800.00,[99]
1404,550744900.00,[97]
1405,550756000.00,9
1406,550767200.00,[9D]
1407,550778300.00,[93]
1408,550789400.00,[9D]
1409,550800500.00,[93]
1410,550811700.00,[1D]
1411,550822800.00,9
1412,550834000.00,5
1413,550845100.00,[8D]
1414,550856200.00,[9B]
1415,550867300.00,[87]
1416,550878400.00,3
1417,550889600.00,7
1418,550900700.00,[1D]
1419,550911900.00,[1D]
1420,550923000.00,[87]
1421,550934100.00,[87]
1422,550945200.00,[87]
1423,550956400.00,9
1424,550967500.00,[93]
1425,550978600.00,3
1426,550989700.00,;
1427,551000900.00,[91]
1428,551012000.00,[9D]
1429,551023100.00,[91]
1430,551034300.00,9
1431,551045400.00,[9D]
1432,551056500.00,3
1433,551067600.00,;
1434,551078800.00,[91]
1435,551089900.00,[97]
1436,551101100.00,[E5]
1437,551115800.00,[9D]
1438,551129100.00,[EA]
1439,551142800.00,[BA]
1440,551153900.00,[DA]
1441,551165800.00,[1D]
1442,551179100.00,m
1443,551190400.00,c
1444,551201500.00,s
1445,551212600.00,a
1446,551223700.00,E
1447,551235000.00,[87]
1448,551246100.00,[ED]
1449,551259700.00,\
1450,551270800.00,[
1451,551283700.00,[95]
1452,551294900.00,[98]
1453,551306100.00,[95]
1454,551318600.00,[AB]
1455,551333000.00,[D5]
1456,551343500.00,Z
1457,551357400.00,m
1458,551370900.00,T
1459,551382000.00,M
1460,551394700.00,[82]
1461,551406000.00,[9A]
1462,551416800.00,[B0]
1463,551427600.00,[B3]
1464,551439400.00,[98]
1465,551450300.00,[B0]
1466,551463800.00,d
1467,551479700.00,[1B]
1468,551490900.00,[87]
1469,551502000.00,[9B]
1470,551513200.00,[87]
1471,551524300.00,[9B]
1472,551535400.00,[9B]
1473,551546500.00,[87]
1474,551557600.00,[9D]
1475,551568800.00,[87]
1476,551579900.00,[8B]
1477,551591000.00,[9B]
1478,551602100.00,[87]
1479,551613300.00,[8B]
1480,551624400.00,[97]
1481,551635600.00,[8D]
1482,551646700.00,[87]
1483,551657800.00,[A9]
1484,551668900.00,[87]
1485,551680000.00,[87]
1486,551691200.00,[87]
1487,551702400.00,[87]
1488,551713500.00,[E5]
1489,551728300.00,[9D]
1490,551741600.00,[EA]
1491,551755200.00,[BA]
1492,551766300.00,[DA]
1493,551778200.00,[1D]
1494,551791500.00,m
1495,551802800.00,c
1496,551813900.00,s
1497,551825000.00,a
1498,551836100.00,E
1499,551847400.00,[87]
1500,551858500.00,[ED]
1501,551872100.00,a
1502,551883200.00,a
1503,551896300.00,[93]
1504,551907300.00,[93]
1505,551917700.00,[A3]
1506,551934300.00,[CD]
1507,551947600.00,5
1508,551958700.00,[1D]
1509,551969800.00,[17]
1510,551980900.00,[15]
1511,551992100.00,[1B]
1512,552003200.00,5
1513,552014400.00,[19]
1514,552025500.00,[85]
1515,552036600.00,[85]
1516,552047700.00,[E5]
1517,552062400.00,[9D]
1518,552075600.00,[EA]
1519,552089300.00,[9A]
1520,552100500.00,[DA]
1521,552112200.00,[1D]
1522,552125500.00,m
1523,552136600.00,c
1524,552147700.00,s
1525,552158800.00,a
1526,552169900.00,E
1527,552181000.00,[87]
1528,552192100.00,[ED]
1529,552206700.00,[AB]
1530,552218500.00,[97]
1531,552229000.00,[A3]
1532,552242300.00,k
1533,552253400.00,[AC]
1534,552264600.00,[A3]
1535,552275700.00,[E3]
1536,552292200.00,[E5]
1537,552306800.00,[8D]
1538,552320200.00,[EA]
1539,552333800.00,[9A]
1540,552344800.00,[DA]
1541,552356800.00,[1D]
1542,552370100.00,m
1543,552381200.00,c
1544,552392300.00,s
1545,552403400.00,a
1546,552414500.00,E
1547,552425800.00,[83]
1548,552436500.00,[DA]
1549,552450500.00,T
1550,552463300.00,[97]
1551,552473800.00,[A3]
1552,552486900.00,k
1553,552498300.00,[AC]
1554,552509400.00,[A3]
1555,552520200.00,G
1556,552532100.00,[AC]
1557,552547100.00,[D6]
1558,552558400.00,[92]
1559,552570500.00,w
1560,552581600.00,w
1561,552592700.00,[
1562,552603800.00,[87]
1563,552615000.00,m
1564,552626000.00,c
1565,552637100.00,s
1566,552648300.00,a
1567,552659400.00,E
1568,552670400.00,[8F]
1569,552681500.00,[ED]
1570,552695100.00,[
1571,552707300.00,[A4]
1572,552719100.00,[92]
1573,552731700.00,i
1574,552745000.00,[AA]
1575,552756200.00,[AA]
1576,552767700.00,[CA]
1577,552778400.00,[CA]
1578,552792800.00,[8B]
1579,552804000.00,[ED]
1580,552819100.00,[98]
1581,552830900.00,[CE]
1582,552843100.00,#
1583,552854100.00,[EA]
1584,552867600.00,[BA]
1585,552879000.00,[DA]
1586,552890800.00,[1D]
1587,552903900.00,m
1588,552915100.00,c
1589,552926200.00,s
1590,552937300.00,a
1591,552948500.00,E
1592,552959700.00,[87]
1593,552970800.00,[ED]
1594,552986100.00,[93]
1595,552997700.00,[D6]
1596,553009900.00,[AC]
1597,553021100.00,[A7]
1598,553032200.00,[A3]
1599,553044200.00,[86]
1600,553058900.00,[D6]
1601,553069500.00,$
1602,553080000.00,[DD]
1603,553093300.00,w
1604,553104400.00,[
1605,553115600.00,[87]
1606,553126700.00,m
1607,553137700.00,c
1608,553148800.00,s
1609,553160000.00,a
1610,553171100.00,E
1611,553182300.00,[87]
1612,553193500.00,[ED]
1613,553208000.00,[AE]
1614,553219800.00,[97]
1615,553234500.00,[1A]
1616,553249100.00,m
1617,553262700.00,[1B]
1618,553273800.00,c
1619,553285100.00,9
1620,553297300.00,[8D]
1621,553310500.00,[EA]
1622,553324200.00,[BA]
1623,553335300.00,[DA]
1624,553347100.00,[1D]
1625,553360000.00,[CA]
1626,553371500.00,c
1627,553382600.00,s
1628,553393700.00,a
1629,553404800.00,E
1630,553415900.00,[87]
1631,553427000.00,[ED]
1632,553440600.00,V
1633,553451700.00,V
1634,553462800.00,N
1635,553473900.00,L
1636,553486100.00,[B1]
1637,553499500.00,[A3]
1638,553510600.00,[E3]
1639,553527100.00,[E5]
1640,553541900.00,[8D]
1641,553555200.00,j
1642,553569100.00,[99]
1643,553579500.00,[DA]
1644,553591900.00,[0D]
1645,553605100.00,m
1646,553616200.00,c
1647,553627300.00,s
1648,553638400.00,a
1649,553649600.00,E
1650,553660800.00,[87]
1651,553671900.00,[ED]
1652,553686600.00,[A3]
1653,553703100.00,u
1654,553716400.00,[
1655,553727600.00,7
1656,553738700.00,[8B]
1657,553749900.00,[ED]
1658,553763400.00,[1B]
1659,553776100.00,[94]
1660,553789900.00,[15]
1661,553803200.00,[D5]
1662,553816500.00,c
1663,553827600.00,[1D]
1664,553838800.00,[1B]
1665,553849900.00,c
1666,553861100.00,u
1667,553872200.00,[E5]
1668,553887000.00,[9D]
1669,553900400.00,[EA]
1670,553914100.00,[9A]
1671,553925600.00,i
1672,553937000.00,[1D]
1673,553950200.00,m
1674,553961500.00,c
1675,553972600.00,s
1676,553983700.00,a
1677,553994900.00,E
1678,554006100.00,[83]
1679,554017200.00,7
1680,554028400.00,7
1681,554039500.00,[1B]
1682,554050600.00,A
1683,554061800.00,9
1684,554072900.00,!
1685,554084000.00,#
1686,554095200.00,[17]
1687,554106300.00,[1B]
1688,554117400.00,!
1689,554128500.00,'
1690,554139700.00,'
1691,554150800.00,5
1692,554162000.00,[1B]
1693,554173100.00,A
1694,554184200.00,9
1695,554195300.00,3
1696,554206400.00,1
1697,554217600.00,[87]
1698,554228700.00,3
1699,554239900.00,!
1700,554251000.00,#
1701,554262100.00,5
1702,554273200.00,[E5]
1703,554287900.00,[0D]
1704,554317800.00,[A4]
1705,554332900.00,[EA]
1706,554347300.00,3
1707,554358400.00,[87]
1708,554369200.00,f
1709,554380700.00,7
1710,554391800.00,[1B]
1711,554403000.00,[87]
1712,554414100.00,[07]
1713,554425200.00,'
1714,554436300.00,[0D]
1715,554447500.00,[87]
1716,554458600.00,[19]
1717,554469700.00,[1B]
1718,554480800.00,9
1719,554492000.00,A
1720,554503100.00,[1D]
1721,554514200.00,7
1722,554525400.00,7
1723,554536500.00,[1B]
1724,554547600.00,[8B]
1725,554558700.00,[87]
1726,554569800.00,r
1727,554582200.00,[87]
1728,554593400.00,[87]
1729,554604500.00,[87]
1730,554615600.00,[87]
1731,554626700.00,[A7]
1732,554638000.00,[87]
1733,554649100.00,'
1734,554660200.00,!
1735,554671400.00,[0D]
1736,554682500.00,7
1737,554693600.00,A
1738,554704700.00,[0D]
1739,554715900.00,7
1740,554727000.00,7
1741,554738200.00,[1B]
1742,554749300.00,[8B]
1743,554760400.00,[83]
1744,554771500.00,[80]
1745,554784500.00,[CC]
1746,554801600.00,[9B]
1747,554812700.00,9
1748,554823800.00,[1D]
1749,554834900.00,[1D]
1750,554846000.00,[9B]
1751,554857200.00,[87]
1752,554868400.00,[A7]
1753,554879500.00,[83]
1754,554890700.00,[19]
1755,554901900.00,[1B]
1756,554913000.00,[19]
1757,554924100.00,A
1758,554935200.00,'
1759,554946300.00,5
1760,554957500.00,#
1761,554968600.00,[8B]
1762,554979700.00,[87]
1763,554990600.00,[97]
1764,555001900.00,[9B]
1765,555013100.00,[87]
1766,555024200.00,[E5]
1767,555038800.00,[0D]
1768,555562000.00,C
1769,555575300.00,[D5]
1770,555586100.00,[90]
1771,555599800.00,u
1772,555612000.00,[AA]
1773,555623100.00,[8A]
1774,555637500.00,[
1775,555648600.00,[0D]
1776,555659700.00,[17]
1777,555670900.00,5
1778,555682000.00,[ED]
1779,555696600.00,[B1]
1780,555708200.00,[90]
1781,555721600.00,[A4]
1782,555733400.00,6
1783,555745600.00,*
1784,555758800.00,[D6]
1785,555773600.00,C
1786,555785800.00,[AA]
1787,555797200.00,[A0]
1788,555810300.00,[AB]
1789,555823600.00,:
1790,555838000.00,5
1791,555849100.00,7
1792,555860200.00,[1D]
1793,555871400.00,#
1794,555882500.00,9
1795,555893600.00,5
1796,555904700.00,m
1797,555919400.00,[B1]
1798,555931300.00,[98]
1799,555944900.00,6
1800,555957100.00,*
1801,555969600.00,[AC]
1802,555980900.00,L
1803,555991900.00,[0D]
1804,556005200.00,Y
1805,556016300.00,'
1806,556027400.00,5
1807,556038500.00,[11]
1808,556049600.00,[
1809,556060800.00,[1D]
1810,556071900.00,[17]
1811,556083100.00,5
1812,556094200.00,[ED]
1813,556108800.00,[B1]
1814,556121300.00,[98]
1815,556133700.00,H
1816,556145400.00,l
1817,556158700.00,*
1818,556171300.00,[AC]
1819,556182400.00,\
1820,556193400.00,[0D]
1821,556206700.00,a
1822,556217800.00,7
1823,556228900.00,[17]
1824,556240100.00,s
1825,556251200.00,[1B]
1826,556262400.00,[13]
1827,556273500.00,Y
1828,556284600.00,[17]
1829,556295700.00,[1B]
1830,556306900.00,5
1831,556318000.00,#
1832,556329100.00,[ED]
1833,556343800.00,[B1]
1834,556354900.00,[B0]
1835,556366000.00,[B2]
1836,556378400.00,[D8]
1837,556389000.00,[98]
1838,556400400.00,[CE]
1839,556412600.00,[E7]
1840,556425000.00,u
1841,556440400.00,m
1842,556451600.00,%
1843,556462700.00,[03]
1844,556473800.00,5
1845,556484900.00,7
1846,556496000.00,[0D]
1847,556507200.00,#
1848,556518400.00,9
1849,556529500.00,5
1850,556540600.00,9
1851,556551700.00,[17]
1852,556562800.00,[1B]
1853,556574000.00,#
1854,556585100.00,[ED]
1855,556599800.00,[B1]
1856,556611600.00,[18]
1857,556623600.00,M
1858,556634700.00,f
1859,556646900.00,[A6]
1860,556659100.00,[CE]
1861,556671300.00,'
1862,556684600.00,[EA]
1863,556699100.00,'
1864,556710200.00,7
1865,556721300.00,[1B]
1866,556732400.00,[13]
1867,556743600.00,Y
1868,556754700.00,[17]
1869,556765900.00,[1B]
1870,556777000.00,[83]
1871,556788100.00,[ED]
1872,556802700.00,[B1]
1873,556814600.00,[98]
1874,556827000.00,[AC]
1875,556839400.00,V
1876,556853600.00,[D6]
1877,556869400.00,[AA]
1878,556880500.00,[A3]
1879,556892700.00,[D3]
1880,556907100.00,j
1881,556919300.00,[8D]
1882,556932700.00,q
1883,556943800.00,#
1884,556954900.00,!
1885,556966100.00,;
1886,556977200.00,[0D]
1887,556988300.00,'
1888,556999400.00,[ED]
1889,557014100.00,[B1]
1890,557026500.00,X
1891,557039000.00,l
1892,557055100.00,[93]
1893,557066200.00,[E5]
1894,557081000.00,[8D]
1895,557092100.00,[A3]
1896,557107600.00,[EA]
1897,557121900.00,[1B]
1898,557133100.00,7
1899,557144200.00,A
1900,557155300.00,[17]
1901,557166500.00,[0D]
1902,557177600.00,[03]
1903,557188700.00,5
1904,557199900.00,[87]
1905,557211000.00,[85]
1906,557222100.00,[83]
1907,557233200.00,[93]
1908,557244400.00,[8F]
1909,557255400.00,&
1910,557266800.00,9
1911,557277800.00,U
1912,557289000.00,Y
1913,557300100.00,W
1914,557311200.00,a
1915,557322300.00,e
1916,557333500.00,u
1917,557344600.00,[
1918,557355700.00,A
1919,557366900.00,;
1920,557378000.00,a
1921,557389100.00,[0D]
1922,557400200.00,[
1923,557411400.00,s
1924,557422500.00,[AD]
1925,557433700.00,[E5]
1926,557448400.00,[1D]
1927,557661100.00,R
1928,557675500.00,[EA]
1929,557689900.00,7
1930,557701000.00,[83]
1931,557712100.00,7
1932,557723200.00,[1D]
1933,557734400.00,%
1934,557745500.00,[0D]
1935,557756700.00,[07]
1936,557767800.00,[87]
1937,557778900.00,[19]
1938,557790000.00,[1B]
1939,557801200.00,[19]
1940,557812300.00,[87]
1941,557823400.00,[1D]
1942,557834600.00,7
1943,557845700.00,7
1944,557856800.00,[1B]
1945,557868000.00,[8B]
1946,557879100.00,[83]
1947,557890200.00,r
1948,557902500.00,[9B]
1949,557913600.00,[93]
1950,557924800.00,[87]
1951,557936000.00,[83]
1952,557947100.00,[A7]
1953,557958000.00,[0E]
1954,557969400.00,'
1955,557980600.00,!
1956,557991700.00,[0D]
1957,558002800.00,3
1958,558013900.00,A
1959,558025100.00,[1D]
1960,558036200.00,7
1961,558047300.00,7
1962,558058500.00,[1B]
1963,558069600.00,[8B]
1964,558080700.00,[87]
1965,558091600.00,[00]
1966,558103900.00,[98]
1967,558115500.00,[D8]
1968,558128400.00,[16]
1969,558140500.00,[D2]
1970,558155300.00,[1D]
1971,558166400.00,[9B]
1972,558177500.00,[87]
1973,558188600.00,[A7]
1974,558199700.00,[87]
1975,558210800.00,[19]
1976,558221900.00,[1B]
1977,558233000.00,9
1978,558244200.00,A
1979,558255300.00,'
1980,558266400.00,5
1981,558277500.00,#
1982,558288700.00,[8B]
1983,558299800.00,[87]
1984,558310900.00,[9B]
1985,558322000.00,[87]
1986,558333100.00,[E5]
1987,558343700.00,[D6]
1988,558362600.00,R
1989,558375000.00,[AE]
1990,558386200.00,[A6]
1991,558397000.00,[AB]
1992,558408800.00,[98]
1993,558421300.00,k
1994,558435700.00,[CD]
1995,558446800.00,[85]
1996,558458000.00,[15]
1997,558469200.00,[1D]
1998,558482500.00,7
1999,558493600.00,[11]
2000,558504800.00,9
2001,558516000.00,A
2002,558527100.00,7
2003,558538200.00,7
2004,558549300.00,[1B]
2005,558560400.00,[07]
2006,558571600.00,'
2007,558582700.00,[0D]
2008,558593900.00,A
2009,558605000.00,[17]
2010,558616100.00,[1B]
2011,558627200.00,[1D]
2012,558638400.00,-
2013,558649500.00,#
2014,558660600.00,[87]
2015,558671700.00,[19]
2016,558682900.00,[17]
2017,558694000.00,[1D]
2018,558705200.00,[1B]
2019,558716300.00,[17]
2020,558727400.00,[E5]
2021,558742000.00,[8D]
2022,558754200.00,R
2023,558766800.00,(
2024,558779700.00,j
2025,558790900.00,[CA]
2026,558801800.00,:
2027,558816300.00,[85]
2028,558827500.00,[87]
2029,558838600.00,[00]
2030,558849300.00,e
2031,558862200.00,[99]
2032,558873400.00,[99]
2033,558883800.00,[A6]
2034,558895700.00,[99]
2035,558906100.00,[B3]
2036,558917600.00,[B2]
2037,558929400.00,X
2038,558940700.00,[C6]
2039,558952900.00,[E3]
2040,558966300.00,[0A]
2041,558977400.00,[EA]
2042,558991800.00,7
2043,559002900.00,[87]
2044,559014000.00,-
2045,559025200.00,%
2046,559036300.00,5
2047,559047500.00,%
2048,559058600.00,[9D]
2049,559069700.00,[87]
2050,559080800.00,[19]
2051,559091900.00,[1B]
2052,559103100.00,9
2053,559114300.00,A
2054,559125400.00,[1D]
2055,559136500.00,7
2056,559147600.00,7
2057,559158700.00,[1B]
2058,559169900.00,[8B]
2059,559181000.00,[87]
2060,559192100.00,[1C]
2061,559205200.00,[9D]
2062,559216300.00,5
2063,559227400.00,[87]
2064,559238500.00,[87]
2065,559249700.00,[A7]
2066,559260700.00,[87]
2067,559271800.00,'
2068,559283000.00,!
2069,559294100.00,[0D]
2070,559305200.00,7
2071,559316300.00,A
2072,559327500.00,[1D]
2073,559338600.00,7
2074,559349800.00,7
2075,559360900.00,[1B]
2076,559372000.00,[8B]
2077,559383100.00,[87]
2078,559394200.00,[80]
2079,559406600.00,[D8]
2080,559417300.00,[98]
2081,559427800.00,[B3]
2082,559442800.00,[D2]
2083,559457700.00,[1D]
2084,559468800.00,[9B]
2085,559479900.00,[87]
2086,559491100.00,[A7]
2087,559502300.00,[87]
2088,559513400.00,[19]
2089,559524600.00,[1B]
2090,559535700.00,9
2091,559546800.00,A
2092,559557900.00,'
2093,559569100.00,5
2094,559580200.00,#
2095,559591300.00,[8B]
2096,559602400.00,[87]
2097,559613600.00,[87]
2098,559624700.00,[87]
2099,559635800.00,[87]
2100,559647000.00,[87]
2101,559658100.00,[E5]
2102,559672900.00,[0D]
2103,566134500.00,R
2104,566148900.00,[EA]
2105,566163300.00,7
2106,566174400.00,[87]
2107,566185500.00,7
2108,566196700.00,%
2109,566207800.00,5
2110,566218900.00,%
2111,566230100.00,[9D]
2112,566241200.00,[87]
2113,566252300.00,[19]
2114,566263500.00,[1B]
2115,566274600.00,9
2116,566285700.00,A
2117,566296800.00,[0D]
2118,566307900.00,3
2119,566319100.00,7
2120,566330300.00,[1B]
2121,566341400.00,[8B]
2122,566352500.00,[87]
2123,566363600.00,[D8]
2124,566377400.00,3
2125,566388600.00,[87]
2126,566399700.00,[83]
2127,566410800.00,[87]
2128,566421900.00,[A7]
2129,566433200.00,[87]
2130,566444300.00,'
2131,566455400.00,!
2132,566466500.00,[1D]
2133,566477700.00,7
2134,566488800.00,A
2135,566499900.00,[0D]
2136,566511100.00,7
2137,566522200.00,7
2138,566533400.00,[1B]
2139,566544500.00,[8B]
2140,566555600.00,[87]
2141,566566500.00,[00]
2142,566578800.00,[98]
2143,566590200.00,[D8]
2144,566603500.00,[96]
2145,566615500.00,[EA]
2146,566630100.00,[1D]
2147,566641200.00,[9B]
2148,566652400.00,[83]
2149,566663500.00,[A7]
2150,566674700.00,[87]
2151,566685900.00,[19]
2152,566697000.00,[1B]
2153,566708200.00,9
2154,566719300.00,A
2155,566730400.00,'
2156,566741500.00,5
2157,566752600.00,#
2158,566763800.00,[8B]
2159,566774900.00,[87]
2160,566786100.00,[93]
2161,566797400.00,[87]
2162,566808500.00,[97]
2163,566819600.00,[E5]
2164,566834300.00,[1D]
2165,568269900.00,M
2166,568283200.00,P
2167,568294300.00,S
2168,568308600.00,[AA]
2169,568323100.00,[17]
2170,568334200.00,-
2171,568345300.00,#
2172,568356500.00,1
2173,568367600.00,[87]
2174,568378600.00,[9D]
2175,568389900.00,w
2176,568401000.00,[87]
2177,568412000.00,3
2178,568423300.00,[11]
2179,568434400.00,[E5]
2180,568449000.00,[0D]
2181,576010500.00,R
2182,576025000.00,[EA]
2183,576039300.00,7
2184,576050500.00,[87]
2185,576061600.00,-
2186,576072700.00,%
2187,576083800.00,5
2188,576094900.00,%
2189,576106100.00,[9B]
2190,576117200.00,[83]
2191,576128400.00,[19]
2192,576139500.00,[1B]
2193,576150600.00,[19]
2194,576161700.00,A
2195,576172900.00,[1D]
2196,576184000.00,3
2197,576195100.00,7
2198,576206200.00,[1B]
2199,576217400.00,[8B]
2200,576228500.00,[83]
2201,576239600.00,p
2202,576254600.00,[8D]
2203,576265800.00,5
2204,576276900.00,[83]
2205,576287800.00,[8F]
2206,576299100.00,[A7]
2207,576310400.00,[87]
2208,576321500.00,'
2209,576332600.00,!
2210,576343700.00,[1D]
2211,576354900.00,7
2212,576366100.00,A
2213,576377200.00,[0D]
2214,576388300.00,7
2215,576399400.00,7
2216,576410500.00,[1B]
2217,576421700.00,[8B]
2218,576432800.00,[87]
2219,576443900.00,[80]
2220,576456400.00,[D8]
2221,576466900.00,[98]
2222,576477500.00,[B3]
2223,576492900.00,[EA]
2224,576507300.00,[0D]
2225,576518500.00,[9B]
2226,576529600.00,[83]
2227,576540700.00,[A7]
2228,576551800.00,[8F]
2229,576563100.00,[19]
2230,576574300.00,[1B]
2231,576585400.00,9
2232,576596500.00,A
2233,576607600.00,'
2234,576618700.00,5
2235,576629900.00,#
2236,576641000.00,[8B]
2237,576652100.00,[83]
2238,576663300.00,[87]
2239,576674400.00,[87]
2240,576685500.00,[87]
2241,576696600.00,[87]
2242,576707800.00,[E5]
2243,576722500.00,[1D]
2244,583249600.00,R
2245,583264100.00,[EA]
2246,583278500.00,7
2247,583289600.00,[87]
2248,583300700.00,7
2249,583311800.00,%
2250,583323000.00,5
2251,583334100.00,%
2252,583345300.00,[9B]
2253,583356400.00,[87]
2254,583367500.00,[19]
2255,583378600.00,[1B]
2256,583389700.00,9
2257,583400900.00,A
2258,583412000.00,[1D]
2259,583423200.00,7
2260,583434300.00,3
2261,583445400.00,[1B]
2262,583456500.00,[8B]
2263,583467600.00,[87]
2264,583478800.00,[B0]
2265,583490700.00,2
2266,583502400.00,:
2267,583516700.00,[87]
2268,583527900.00,[87]
2269,583539000.00,[A7]
2270,583550200.00,[87]
2271,583561400.00,#
2272,583572500.00,!
2273,583583600.00,[1D]
2274,583594700.00,7
2275,583605900.00,A
2276,583617000.00,[1D]
2277,583628200.00,7
2278,583639300.00,7
2279,583650400.00,[1B]
2280,583661500.00,[8B]
2281,583672600.00,[87]
2282,583683800.00,[80]
2283,583696600.00,[D8]
2284,583713800.00,[9B]
2285,583724900.00,9
2286,583736100.00,[1D]
2287,583747200.00,[1D]
2288,583758400.00,[9B]
2289,583769500.00,[87]
2290,583780600.00,[A7]
2291,583791800.00,[87]
2292,583803000.00,[19]
2293,583814100.00,[1B]
2294,583825200.00,9
2295,583836300.00,A
2296,583847500.00,'
2297,583858700.00,5
2298,583869800.00,#
2299,583880900.00,[8B]
2300,583892000.00,[87]
2301,583903100.00,[95]
2302,583914300.00,[93]
2303,583925400.00,[97]
2304,583936500.00,[E5]
2305,583951300.00,[0D]
2306,584269400.00,9
2307,584281600.00,[8D]
2308,584292700.00,[B5]
2309,584303800.00,[B5]
2310,584314900.00,[B5]
2311,584326100.00,[B5]
2312,584337300.00,[B5]
2313,584348400.00,[B5]
2314,584359500.00,[B5]
2315,584370600.00,[B5]
2316,584381700.00,[B5]
2317,584392900.00,[B5]
2318,584404000.00,[B5]
2319,584415100.00,[B5]
2320,584426300.00,[B5]
2321,584437400.00,[B5]
2322,584448500.00,[B5]
2323,584459700.00,[B5]
2324,584470800.00,[B5]
2325,584481900.00,[B5]
2326,584493000.00,[B5]
2327,584504100.00,[B5]
2328,584515300.00,[B5]
2329,584526500.00,[B5]
2330,584537600.00,[B5]
2331,584548700.00,[B5]
2332,584559800.00,[B5]
2333,584570900.00,[B5]
2334,584582100.00,[B5]
2335,584593200.00,[B5]
2336,584604400.00,[B5]
2337,584615500.00,[B5]
2338,584626600.00,[B5]
2339,584637700.00,[B5]
2340,584648900.00,[B5]
2341,584660000.00,[B5]
2342,584671100.00,[B5]
2343,584682200.00,[B5]
2344,584693400.00,[B5]
2345,584704500.00,[B5]
2346,584715700.00,[B5]
2347,584726800.00,[B5]
2348,584737900.00,[B5]
2349,584749000.00,[B5]
2350,584760100.00,[B5]
2351,584771300.00,[B5]
2352,584782400.00,[B5]
2353,584793600.00,[B5]
2354,584804700.00,[B5]
2355,584815800.00,[B5]
2356,584826900.00,[B5]
2357,584838100.00,[B5]
2358,584849200.00,[B5]
2359,584860300.00,[B5]
2360,584871400.00,[B5]
2361,584882600.00,[B5]
2362,584893700.00,[B5]
2363,584905900.00,[CE]
2364,584918100.00,[E7]
2365,584934700.00,A
2366,584945800.00,7
2367,584956900.00,%
2368,584968100.00,5
2369,584979200.00,%
2370,584990400.00,A
2371,585001500.00,#
2372,585012600.00,[07]
2373,585023700.00,7
2374,585034800.00,7
2375,585046000.00,[1B]
2376,585057100.00,[97]
2377,585068200.00,A
2378,585079400.00,[9B]
2379,585090500.00,7
2380,585101600.00,A
2381,585112800.00,[8D]
2382,585123900.00,[93]
2383,585135000.00,;
2384,585146100.00,[A5]
2385,585157200.00,[83]
2386,585168400.00,e
2387,585179600.00,[
2388,585190700.00,[8D]
2389,585201800.00,[9D]
2390,585212900.00,A
2391,585224000.00,[0D]
2392,585235200.00,[87]
2393,585246300.00,[8B]
2394,585257400.00,[95]
2395,585268500.00,[97]
2396,585279600.00,[E5]
2397,585294200.00,[8D]
2398,585306000.00,[90]
2399,585321900.00,[CD]
2400,585335200.00,%
2401,585346300.00,5
2402,585357400.00,%
2403,585368600.00,A
2404,585379700.00,'
2405,585390900.00,[07]
2406,585402000.00,7
2407,585413100.00,7
2408,585424200.00,[1B]
2409,585435300.00,[93]
2410,585446500.00,A
2411,585457600.00,[9B]
2412,585468800.00,3
2413,585479900.00,A
2414,585491000.00,[9D]
2415,585502100.00,[93]
2416,585513300.00,;
2417,585524400.00,[A5]
2418,585535500.00,[83]
2419,585546600.00,e
2420,585557800.00,[
2421,585568900.00,[9D]
2422,585580100.00,[97]
2423,585591200.00,A
2424,585602300.00,[1D]
2425,585613400.00,[87]
2426,585624500.00,[8B]
2427,585635700.00,[95]
2428,585646800.00,[97]
2429,585657900.00,[E5]
2430,585672500.00,[8D]
2431,585684800.00,P
2432,585700200.00,[DD]
2433,585713400.00,%
2434,585724600.00,5
2435,585735700.00,%
2436,585746800.00,A
2437,585758000.00,#
2438,585769100.00,[07]
2439,585780200.00,3
2440,585791400.00,3
2441,585802500.00,[1B]
2442,585813600.00,[97]
2443,585824700.00,A
2444,585835800.00,[9B]
2445,585847000.00,7
2446,585858200.00,A
2447,585869300.00,[9D]
2448,585880400.00,[93]
2449,585891500.00,[1B]
2450,585902600.00,[A5]
2451,585913700.00,[83]
2452,585924900.00,e
2453,585936100.00,[
2454,585947200.00,[8D]
2455,585958300.00,[9B]
2456,585969400.00,A
2457,585980600.00,[0D]
2458,585991700.00,[87]
2459,586002800.00,[8B]
2460,586013900.00,[95]
2461,586025000.00,[9D]
2462,586036100.00,e
2463,586050700.00,[8D]
2464,586062100.00,[A0]
2465,586078500.00,[DD]
2466,586091800.00,%
2467,586102900.00,5
2468,586114000.00,%
2469,586125100.00,A
2470,586136300.00,'
2471,586147400.00,[03]
2472,586158600.00,7
2473,586169700.00,7
2474,586180800.00,[1B]
2475,586191900.00,[93]
2476,586203000.00,A
2477,586214200.00,[9B]
2478,586225300.00,7
2479,586236400.00,A
2480,586247600.00,[9D]
2481,586258700.00,[93]
2482,586269800.00,;
2483,586281000.00,[A5]
2484,586292100.00,[83]
2485,586303200.00,e
2486,586314300.00,[
2487,586325400.00,[9B]
2488,586336600.00,[9B]
2489,586347700.00,A
2490,586358900.00,[1D]
2491,586370000.00,[87]
2492,586381100.00,[8B]
2493,586392200.00,[9D]
2494,586403300.00,[97]
2495,586414500.00,[E5]
2496,586429200.00,[9D]
2497,586441500.00,[C6]
2498,586453700.00,c
2499,586470200.00,A
2500,586481300.00,7
2501,586492500.00,%
2502,586503700.00,5
2503,586514800.00,%
2504,586525900.00,A
2505,586537000.00,'
2506,586548100.00,[03]
2507,586559300.00,3
2508,586570400.00,7
2509,586581600.00,[1B]
2510,586592700.00,[97]
2511,586603800.00,A
2512,586614900.00,[9B]
2513,586626000.00,7
2514,586637200.00,A
2515,586648300.00,[8D]
2516,586659400.00,[93]
2517,586670500.00,;
2518,586681700.00,[A5]
2519,586692800.00,[83]
2520,586704000.00,e
2521,586715100.00,[
2522,586726200.00,[99]
2523,586737300.00,A
2524,586748400.00,[1D]
2525,586759600.00,[87]
2526,586770800.00,[8B]
2527,586781900.00,;
2528,586793000.00,[99]
2529,586804100.00,[E5]
2530,586814700.00,[D6]
2531,586831200.00,P
2532,586846600.00,[DD]
2533,586859900.00,%
2534,586871000.00,5
2535,586882100.00,%
2536,586893200.00,A
2537,586904400.00,'
2538,586915600.00,[07]
2539,586926700.00,3
2540,586937800.00,3
2541,586948900.00,[1B]
2542,586960000.00,[97]
2543,586971100.00,A
2544,586982300.00,[9B]
2545,586993400.00,7
2546,587004500.00,A
2547,587015700.00,[9D]
2548,587026800.00,[93]
2549,587037900.00,[1B]
2550,587049100.00,[A5]
2551,587060200.00,[83]
2552,587071300.00,[
2553,587082400.00,5
2554,587093500.00,[19]
2555,587104700.00,5
2556,587115900.00,[1B]
2557,587127000.00,[13]
2558,587138100.00,5
2559,587149200.00,7
2560,587160300.00,[87]
2561,587171500.00,[87]
2562,587182600.00,[8B]
2563,587193800.00,[97]
2564,587204800.00,[87]
2565,587216000.00,[E5]
2566,587230700.00,[8D]
2567,587241900.00,[A0]
2568,587258500.00,[DD]
2569,587271800.00,%
2570,587282900.00,5
2571,587294000.00,%
2572,587305100.00,A
2573,587316200.00,'
2574,587327400.00,[07]
2575,587338600.00,7
2576,587349700.00,7
2577,587360800.00,[1B]
2578,587371900.00,[97]
2579,587383000.00,A
2580,587394200.00,[9B]
2581,587405300.00,7
2582,587416400.00,A
2583,587427500.00,[9D]
2584,587438700.00,[93]
2585,587449800.00,[1B]
2586,587461000.00,[A5]
2587,587472100.00,[83]
2588,587483200.00,[
2589,587494300.00,5
2590,587505400.00,[19]
2591,587516600.00,5
2592,587527700.00,[1B]
2593,587538900.00,[13]
2594,587550000.00,5
2595,587561100.00,7
2596,587572200.00,[87]
2597,587583300.00,u
2598,587594500.00,[8B]
2599,587605600.00,[97]
2600,587616700.00,[E5]
2601,587631500.00,[8D]
2602,587643300.00,[90]
2603,587659200.00,[CD]
2604,587672500.00,%
2605,587683600.00,5
2606,587694700.00,%
2607,587705900.00,A
2608,587717000.00,#
2609,587728100.00,[03]
2610,587739300.00,7
2611,587750400.00,7
2612,587761500.00,[1B]
2613,587772600.00,[97]
2614,587783700.00,A
2615,587794900.00,[9B]
2616,587806000.00,7
2617,587817200.00,A
2618,587828300.00,[8D]
2619,587839400.00,[93]
2620,587850500.00,;
2621,587861700.00,[A5]
2622,587872800.00,[83]
2623,587884000.00,w
2624,587895100.00,5
2625,587906200.00,#
2626,587917300.00,[0D]
2627,587928400.00,[0D]
2628,587939600.00,A
2629,587950700.00,Q
2630,587961800.00,5
2631,587973000.00,-
2632,587984100.00,1
2633,587995200.00,'
2634,588006400.00,[17]
2635,588017500.00,[9B]
2636,588028600.00,w
2637,588039700.00,[8B]
2638,588050800.00,[9B]
2639,588062000.00,[83]
2640,588073100.00,[E5]
2641,588087700.00,[8D]
2642,588099400.00,[90]
2643,588115300.00,[DD]
2644,588128600.00,%
2645,588139800.00,5
2646,588150900.00,%
2647,588162000.00,A
2648,588173200.00,'
2649,588184300.00,[07]
2650,588195400.00,7
2651,588206500.00,7
2652,588217700.00,[1B]
2653,588228800.00,[97]
2654,588239900.00,A
2655,588251000.00,[9B]
2656,588262200.00,7
2657,588273300.00,A
2658,588284500.00,[9D]
2659,588295600.00,[93]
2660,588306700.00,[1B]
2661,588317800.00,[A5]
2662,588328900.00,[83]
2663,588340100.00,S
2664,588351200.00,!
2665,588362400.00,'
2666,588373500.00,[17]
2667,588384600.00,[1D]
2668,588395700.00,1
2669,588406900.00,5
2670,588418000.00,A
2671,588429100.00,Q
2672,588440200.00,5
2673,588451400.00,-
2674,588462500.00,1
2675,588473700.00,'
2676,588484800.00,[17]
2677,588495900.00,[9B]
2678,588507000.00,7
2679,588518100.00,[8B]
2680,588529300.00,[87]
2681,588540400.00,[87]
2682,588551500.00,[E5]
2683,588566100.00,[8D]
2684,588577200.00,[B5]
2685,588588300.00,[B5]
2686,588599400.00,[B5]
2687,588610600.00,[B5]
2688,588621700.00,[B5]
2689,588632900.00,[B5]
2690,588644000.00,[B5]
2691,588655100.00,[B5]
2692,588666200.00,[B5]
2693,588677400.00,[B5]
2694,588688500.00,[B5]
2695,588699600.00,[B5]
2696,588710800.00,[B5]
2697,588721900.00,[B5]
2698,588733000.00,[B5]
2699,588744100.00,[B5]
2700,588755300.00,[B5]
2701,588766400.00,[B5]
2702,588777500.00,[B5]
2703,588788600.00,[B5]
2704,588799800.00,[B5]
2705,588810900.00,[B5]
2706,588822100.00,[B5]
2707,588833200.00,[B5]
2708,588844300.00,[B5]
2709,588855400.00,[B5]
2710,588866500.00,[B5]
2711,588877700.00,[B5]
2712,588888900.00,[B5]
2713,588900000.00,[B5]
2714,588911100.00,[B5]
2715,588922200.00,[B5]
2716,588933300.00,[B5]
2717,588944500.00,[B5]
2718,588955600.00,[B5]
2719,588966700.00,[B5]
2720,588977900.00,[B5]
2721,588989000.00,[B5]
2722,589000100.00,[B5]
2723,589011300.00,[B5]
2724,589022400.00,[B5]
2725,589033500.00,[B5]
2726,589044600.00,[B5]
2727,589055700.00,[B5]
2728,589066900.00,[B5]
2729,589078000.00,[B5]
2730,589089200.00,[B5]
2731,589100300.00,[B5]
2732,589111400.00,[B5]
2733,589122500.00,[B5]
2734,589133700.00,[B5]
2735,589144800.00,[B5]
2736,589156000.00,[B5]
2737,589167100.00,[B5]
2738,589178200.00,[B5]
2739,589190400.00,[CE]
2740,589202600.00,[A3]
2741,589218100.00,[D6]
2742,589228700.00,[00]
2743,590123100.00,M
2744,590136000.00,[90]
2745,590147500.00,S
2746,590161800.00,[AA]
2747,590176300.00,[17]
2748,590187400.00,-
2749,590198500.00,#
2750,590209700.00,1
2751,590220800.00,[87]
2752,590231900.00,[9B]
2753,590243100.00,7
2754,590254200.00,[87]
2755,590265300.00,3
2756,590276400.00,[11]
2757,590287600.00,[E5]
2758,590302300.00,[0D]
2759,845948400.00,[92]
2760,845963200.00,[EA]
2761,845977600.00,7
2762,845988700.00,[83]
2763,845999800.00,[07]
2764,846010900.00,-
2765,846022000.00,5
2766,846033200.00,[87]
2767,846044300.00,[19]
2768,846055500.00,[1B]
2769,846066600.00,9
2770,846077700.00,A
2771,846088800.00,[0D]
2772,846099900.00,7
2773,846111100.00,7
2774,846122300.00,[1B]
2775,846133400.00,[8B]
2776,846144500.00,[87]
2777,846155300.00,[C8]
2778,846169400.00,[83]
2779,846180500.00,5
2780,846191700.00,[87]
2781,846202800.00,[87]
2782,846213900.00,[A7]
2783,846225200.00,[87]
2784,846236300.00,'
2785,846247500.00,!
2786,846258600.00,[0D]
2787,846269700.00,3
2788,846280800.00,A
2789,846291900.00,[1D]
2790,846303100.00,7
2791,846314200.00,3
2792,846325400.00,[1B]
2793,846336500.00,[8B]
2794,846347600.00,[87]
2795,846358700.00,[80]
2796,846371100.00,[D8]
2797,846381800.00,[98]
2798,846392300.00,[B3]
2799,846407700.00,[EA]
2800,846422100.00,[1D]
2801,846433300.00,[9B]
2802,846444400.00,[87]
2803,846455600.00,[A7]
2804,846466700.00,[87]
2805,846477900.00,[19]
2806,846489100.00,[1B]
2807,846500200.00,9
2808,846511300.00,A
2809,846522400.00,#
2810,846533500.00,5
2811,846544700.00,#
2812,846555800.00,[8B]
2813,846566900.00,[83]
2814,846578000.00,[18]
2815,846589400.00,[9D]
2816,846600500.00,3
2817,846611700.00,[87]
2818,846622800.00,[E5]
2819,846637400.00,[0D]
2820,848766000.00,V
2821,848777200.00,M
2822,848789900.00,[90]
2823,848801200.00,[98]
2824,848814600.00,[15]
2825,848827100.00,[CA]
2826,848839300.00,[8D]
2827,848852600.00,[E5]
2828,848867300.00,[0D]
2829,848908400.00,L
2830,848919500.00,M
2831,848932300.00,[91]
2832,848948300.00,[DD]
2833,848961500.00,7
2834,848972700.00,[1B]
2835,848983900.00,A
2836,848995000.00,%
2837,849006100.00,[1B]
2838,849017200.00,A
2839,849028300.00,-
2840,849039500.00,#
2841,849050600.00,3
2842,849061800.00,!
2843,849072900.00,[8B]
2844,849084000.00,9
2845,849095100.00,[19]
2846,849106300.00,A
2847,849117400.00,#
2848,849128500.00,[15]
2849,849139600.00,%
2850,849150800.00,[85]
2851,849161900.00,[9D]
2852,849173200.00,[A7]
2853,849184400.00,[87]
2854,849195500.00,%
2855,849206700.00,[1B]
2856,849217800.00,[95]
2857,849228900.00,[85]
2858,849240000.00,[87]
2859,849251200.00,[07]
2860,849262400.00,[9D]
2861,849273400.00,[A7]
2862,849284700.00,[87]
2863,849295800.00,%
2864,849306900.00,[1B]
2865,849318000.00,[87]
2866,849329100.00,[85]
2867,849340300.00,[87]
2868,849351500.00,[07]
2869,849362600.00,[9D]
2870,849373700.00,[87]
2871,849384800.00,[E5]
2872,849399600.00,[0D]
2873,849508100.00,[A4]
2874,849523600.00,:
2875,849537900.00,%
2876,849549100.00,[0D]
2877,849560300.00,1
2878,849571400.00,-
2879,849582500.00,9
2880,849593600.00,[87]
2881,849604700.00,-
2882,849615900.00,#
2883,849627000.00,[87]
2884,849638200.00,5
2885,849649300.00,3
2886,849660400.00,[15]
2887,849671500.00,[19]
2888,849682700.00,5
2889,849693800.00,[87]
2890,849704900.00,3
2891,849716000.00,-
2892,849727200.00,'
2893,849738300.00,5
2894,849749500.00,[A3]
2895,849760600.00,[1B]
2896,849771700.00,[0D]
2897,849782800.00,[07]
2898,849793900.00,[0D]
2899,849805100.00,[19]
2900,849816300.00,[19]
2901,849827400.00,[87]
2902,849838500.00,5
2903,849849600.00,3
2904,849860700.00,[15]
2905,849871900.00,[19]
2906,849883000.00,5
2907,849894100.00,[E5]
2908,849908800.00,[0D]
2909,849943600.00,Q
2910,849958100.00,[BA]
2911,849972500.00,[0D]
2912,849983600.00,'
2913,849994700.00,A
2914,850005800.00,[19]
2915,850017000.00,[0B]
2916,850028100.00,[87]
2917,850039300.00,[85]
2918,850050400.00,[87]
2919,850061500.00,&
2920,850073100.00,[87]
2921,850084200.00,[8D]
2922,850095300.00,[93]
2923,850106500.00,[E5]
2924,850121300.00,[0D]
2925,850137900.00,V
2926,850150500.00,[A8]
2927,850161700.00,[AC]
2928,850177800.00,M
2929,850188900.00,[D5]
2930,850199400.00,[DA]
2931,850211200.00,e
2932,850222400.00,[B5]
2933,850233500.00,[85]
2934,850244600.00,[8D]
2935,850255700.00,-
2936,850269000.00,[91]
2937,850280200.00,[E5]
2938,850295000.00,[0D]
2939,850972500.00,[A3]
2940,850988000.00,[0A]
2941,850999100.00,[BA]
2942,851013500.00,[87]
2943,851024600.00,[1B]
2944,851035800.00,5
2945,851046900.00,[1D]
2946,851058000.00,[19]
2947,851069100.00,!
2948,851080300.00,#
2949,851091400.00,[8B]
2950,851102500.00,[87]
2951,851113700.00,#
2952,851125000.00,!
2953,851136100.00,[1B]
2954,851147200.00,%
2955,851158300.00,[1D]
2956,851169400.00,'
2957,851180600.00,[E5]
2958,851195100.00,[0D]
2959,851210800.00,H
2960,851223700.00,[91]
2961,851236800.00,`
2962,851252800.00,9
2963,851264000.00,'
2964,851275100.00,5
2965,851286200.00,9
2966,851297300.00,)
2967,851308500.00,[87]
2968,851319600.00,9
2969,851330800.00,!
2970,851341900.00,[15]
2971,851353000.00,#
2972,851364100.00,[17]
2973,851375200.00,[8B]
2974,851386400.00,[9B]
2975,851397500.00,[95]
2976,851408700.00,[E5]
2977,851423400.00,[0D]
2978,921984800.00,E
2979,921997000.00,[A3]
2980,922012500.00,[0A]
2981,922023600.00,[BA]
2982,922038000.00,[87]
2983,922049100.00,[07]
2984,922060200.00,[1D]
2985,922071400.00,[1B]
2986,922082500.00,[17]
2987,922093600.00,-
2988,922104800.00,[17]
2989,922115900.00,-
2990,922127000.00,!
2991,922138200.00,#
2992,922149300.00,[87]
2993,922160400.00,-
2994,922171500.00,[19]
2995,922182600.00,[87]
2996,922193800.00,[15]
2997,922205000.00,;
2998,922216100.00,!
2999,922227200.00,!
3000,922238300.00,[17]
3001,922249400.00,A
3002,922260600.00,[1D]
3003,922271700.00,[E5]
3004,922286500.00,[8D]
3005,922298100.00,[84]
3006,922313200.00,j
3007,922327600.00,7
3008,922338700.00,[87]
3009,922349800.00,[15]
3010,922360900.00,[A5]
3011,922372000.00,;
3012,922383200.00,!
3013,922394300.00,!
3014,922405400.00,[17]
3015,922416600.00,[8B]
3016,922427700.00,[87]
3017,922438800.00,[19]
3018,922450000.00,[1B]
3019,922461100.00,9
3020,922472200.00,A
3021,922483300.00,[1D]
3022,922494400.00,7
3023,922505600.00,7
3024,922516800.00,[1B]
3025,922527900.00,[85]
3026,922539000.00,[87]
3027,922550100.00,[07]
3028,922561200.00,[9D]
3029,922572500.00,[87]
3030,922583600.00,[87]
3031,922594700.00,[87]
3032,922605800.00,[87]
3033,922617000.00,[83]
3034,922628100.00,[A7]
3035,922639300.00,[87]
3036,922650500.00,7
3037,922661600.00,5
3038,922672700.00,[19]
3039,922683800.00,[17]
3040,922695000.00,A
3041,922706100.00,[1D]
3042,922717300.00,7
3043,922728400.00,7
3044,922739500.00,[1B]
3045,922750600.00,[85]
3046,922761700.00,[87]
3047,922772900.00,[07]
3048,922784100.00,[97]
3049,922795200.00,[87]
3050,922806400.00,[87]
3051,922817600.00,[87]
3052,922828700.00,[87]
3053,922839800.00,[87]
3054,922850900.00,[87]
3055,922862000.00,[A7]
3056,922873300.00,[87]
3057,922884400.00,'
3058,922895500.00,5
3059,922906700.00,#
3060,922917800.00,[85]
3061,922928900.00,[D8]
3062,922942900.00,[87]
3063,922954000.00,[8D]
3064,922965100.00,[91]
3065,922976200.00,[9D]
3066,922987400.00,[95]
3067,922998500.00,[9B]
3068,923009600.00,[E5]
3069,923024400.00,[0D]
